{
  "images" : [
    {
      "filename" : "coffee-dark-1.png",
      "idiom" : "universal",
      "scale" : "1x"
    },
    {
      "appearances" : [
        {
          "appearance" : "luminosity",
          "value" : "light"
        }
      ],
      "filename" : "coffee-dark.png",
      "idiom" : "universal",
      "scale" : "1x"
    },
    {
      "appearances" : [
        {
          "appearance" : "luminosity",
          "value" : "dark"
        }
      ],
      "filename" : "coffee-light 3.png",
      "idiom" : "universal",
      "scale" : "1x"
    },
    {
      "filename" : "coffee-dark 2-1.png",
      "idiom" : "universal",
      "scale" : "2x"
    },
    {
      "appearances" : [
        {
          "appearance" : "luminosity",
          "value" : "light"
        }
      ],
      "filename" : "coffee-dark 2.png",
      "idiom" : "universal",
      "scale" : "2x"
    },
    {
      "appearances" : [
        {
          "appearance" : "luminosity",
          "value" : "dark"
        }
      ],
      "filename" : "coffee-light 2.png",
      "idiom" : "universal",
      "scale" : "2x"
    },
    {
      "filename" : "coffee-dark 3-1.png",
      "idiom" : "universal",
      "scale" : "3x"
    },
    {
      "appearances" : [
        {
          "appearance" : "luminosity",
          "value" : "light"
        }
      ],
      "filename" : "coffee-dark 3.png",
      "idiom" : "universal",
      "scale" : "3x"
    },
    {
      "appearances" : [
        {
          "appearance" : "luminosity",
          "value" : "dark"
        }
      ],
      "filename" : "coffee-light.png",
      "idiom" : "universal",
      "scale" : "3x"
    }
  ],
  "info" : {
    "author" : "xcode",
    "version" : 1
  }
}
